# case_id	tempo	step	input_notes	expected_notes
empty_noop	120	60	__empty__	__empty__
step_zero_noop_order_preserved	120	0	0.200000000000,0.300000000000,62.000,late|0.100000000000,0.200000000000,60.000,early	0.200000000000,0.300000000000,62.000,late|0.100000000000,0.200000000000,60.000,early
sort_and_metadata	120	60	0.200000000000,0.310000000000,62.000,late|0.020000000000,0.100000000000,60.000,early	0.000000000000,0.125000000000,60.000,early|0.250000000000,0.375000000000,62.000,late
short_note_fine_grid	120	120	0.100000000000,0.130000000000,60.000,s|0.200000000000,0.300000000000,62.000,l	0.125000000000,0.187500000000,60.000,s|0.250000000000,0.375000000000,62.000,l
repeated_motif_priors	120	60	0.000000000000,0.070000000000,60.000,-|0.125000000000,0.195000000000,61.000,a|0.250000000000,0.320000000000,62.000,-|0.375000000000,0.445000000000,63.000,a|0.500000000000,0.570000000000,64.000,-|0.625000000000,0.695000000000,65.000,a	0.000000000000,0.062500000000,60.000,-|0.125000000000,0.187500000000,61.000,a|0.250000000000,0.312500000000,62.000,-|0.375000000000,0.437500000000,63.000,a|0.500000000000,0.562500000000,64.000,-|0.625000000000,0.687500000000,65.000,a
phase_pullback	120	60	0.052083333333,0.104166666667,60.000,p|0.114583333333,0.166666666667,61.000,p|0.177083333333,0.229166666667,62.000,p|0.239583333333,0.291666666667,63.000,p	0.000000000000,0.062500000000,60.000,p|0.062500000000,0.125000000000,61.000,p|0.125000000000,0.250000000000,62.000,p|0.250000000000,0.312500000000,63.000,p
large_gap_segmentation	120	60	0.000000000000,0.062500000000,60.000,a|0.500000000000,0.562500000000,62.000,b	0.000000000000,0.062500000000,60.000,a|0.500000000000,0.562500000000,62.000,b
overlap_repair_min_extend	120	60	0.000000000000,0.250000000000,60.000,a|0.050000000000,0.100000000000,62.000,b	0.000000000000,0.187500000000,60.000,a|0.187500000000,0.250000000000,62.000,b
non_default_tempo_step	96	90	0.040000000000,0.170000000000,60.000,x|0.190000000000,0.310000000000,62.000,y|0.520000000000,0.610000000000,64.000,z	0.000000000000,0.117187500000,60.000,x|0.117187500000,0.234375000000,62.000,y|0.468750000000,0.585937500000,64.000,z
