# case_id	tempo	step	input_notes	expected_notes
empty_noop	120.0	60		
step_zero_preserves_order	120.0	0	0.200000000000,0.300000000000,62.000,beta|0.100000000000,0.150000000000,60.000,alpha	0.200000000000,0.300000000000,62.000,beta|0.100000000000,0.150000000000,60.000,alpha
half_even_rounding	120.0	60	0.031250000000,0.093750000000,60.500,half	0.000000000000,0.125000000000,60.500,half
half_tick_ties_in_tick_conversion	100.0	25	0.015625000000,0.046875000000,67.000,ticktie	0.000000000000,0.062500000000,67.000,ticktie
non_default_tempo_and_step	90.0	45	0.070000000000,0.190000000000,70.000,slow|0.205000000000,0.315000000000,71.000,grid	0.062500000000,0.187500000000,70.000,slow|0.187500000000,0.312500000000,71.000,grid
sort_and_monotonic_onset_bump	120.0	60	0.020000000000,0.100000000000,62.000,late|0.010000000000,0.080000000000,60.000,early	0.000000000000,0.062500000000,60.000,early|0.062500000000,0.125000000000,62.000,late
touching_offset_glue	120.0	60	0.000000000000,0.020500000000,60.000,first|0.020000000000,0.090000000000,62.000,second	0.000000000000,0.062500000000,60.000,first|0.062500000000,0.125000000000,62.000,second
minimum_duration_when_offset_rounds_to_onset	120.0	60	0.500000000000,0.510000000000,65.000,min	0.500000000000,0.562500000000,65.000,min
clip_offset_to_next_onset	120.0	60	0.000000000000,1.000000000000,60.000,long|0.200000000000,0.300000000000,62.000,next	0.000000000000,0.187500000000,60.000,long|0.187500000000,0.312500000000,62.000,next
