# case_id	tempo	step	input_notes	expected_notes
empty_noop	120.0	60		
step_zero_internal_grid	120.0	0	0.031250000000,0.093750000000,60.000,zero	0.000000000000,0.062500000000,60.000,zero
sort_and_metadata	120.0	60	0.200000000000,0.310000000000,62.000,late|0.020000000000,0.100000000000,60.000,early	0.000000000000,0.062500000000,60.000,early|0.250000000000,0.375000000000,62.000,late
large_step_scaled_center	120.0	120	0.050000000000,0.250000000000,60.000,wide|0.270000000000,0.450000000000,62.000,grid	0.125000000000,0.250000000000,60.000,wide|0.375000000000,0.500000000000,62.000,grid
segment_large_gap	120.0	60	0.000000000000,0.062500000000,60.000,a|0.250000000000,0.312500000000,62.000,b	0.000000000000,0.062500000000,60.000,a|0.250000000000,0.312500000000,62.000,b
tie_gap_stays_segment	120.0	60	0.000000000000,0.062500000000,60.000,-|0.080000000000,0.142500000000,62.000,b	0.000000000000,0.125000000000,60.000,-|0.125000000000,0.187500000000,62.000,b
overlap_repair	120.0	60	0.000000000000,0.200000000000,60.000,a|0.100000000000,0.160000000000,62.000,b	0.000000000000,0.250000000000,60.000,a|0.250000000000,0.312500000000,62.000,b
long_tie_center_bonus	120.0	60	0.000000000000,0.250000000000,60.000,-|0.250000000000,0.500000000000,62.000,-|0.500000000000,0.562500000000,64.000,c	0.000000000000,0.250000000000,60.000,-|0.250000000000,0.500000000000,62.000,-|0.500000000000,0.562500000000,64.000,c
three_segments_switching	120.0	60	0.000000000000,0.090000000000,60.000,a|0.250000000000,0.340000000000,62.000,b|0.550000000000,0.640000000000,64.000,c	0.000000000000,0.125000000000,60.000,a|0.250000000000,0.375000000000,62.000,b|0.625000000000,0.687500000000,64.000,c
